Code,Type,Name,County
32003,Non-Unique,Fleming Island,Clay
32004,PO Box,Ponte Vedra Beach,Saint Johns
32006,PO Box,Fleming Island,Clay
32007,PO Box,Bostwick,Putnam
32008,Non-Unique,Branford,Lafayette
32009,Non-Unique,Bryceville,Nassau
32011,Non-Unique,Callahan,Nassau
32024,Non-Unique,Lake City,Columbia
32025,Non-Unique,Lake City,Columbia
32026,Unique,Raiford,Bradford
32030,PO Box,Doctors Inlet,Clay
32033,Non-Unique,Elkton,Saint Johns
32034,Non-Unique,Fernandina Beach,Nassau
32035,PO Box,Fernandina Beach,Nassau
32038,Non-Unique,Fort White,Columbia
32040,Non-Unique,Glen Saint Mary,Baker
32041,PO Box,Yulee,Nassau
32042,PO Box,Graham,Bradford
32043,Non-Unique,Green Cove Springs,Clay
,,,
32044,Non-Unique,Hampton,Bradford
32046,Non-Unique,Hilliard,Nassau
32050,PO Box,Middleburg,Clay
32052,Non-Unique,Jasper,Hamilton
32053,Non-Unique,Jennings,Hamilton
32054,Non-Unique,Lake Butler,Union
32055,Non-Unique,Lake City,Columbia
32056,PO Box,Lake City,Columbia
32058,Non-Unique,Lawtey,Bradford
32059,Non-Unique,Lee,Madison
32060,Non-Unique,Live Oak,Suwannee
32061,Non-Unique,Lulu,Columbia
32062,Non-Unique,McAlpin,Suwannee
32063,Non-Unique,Macclenny,Baker
32064,Non-Unique,Live Oak,Suwannee
32065,Non-Unique,Orange Park,Clay
32066,Non-Unique,Mayo,Lafayette
32067,PO Box,Orange Park,Clay
32068,Non-Unique,Middleburg,Clay
32071,Non-Unique,O'Brien,Suwannee
,,,
32072,PO Box,Olustee,Baker
32073,Non-Unique,Orange Park,Clay
32079,PO Box,Penney Farms,Clay
32080,Non-Unique,Saint Augustine,Saint Johns
32081,Non-Unique,Ponte Vedra,Saint Johns
32082,Non-Unique,Ponte Vedra Beach,Saint Johns
32083,Non-Unique,Raiford,Union
32084,Non-Unique,Saint Augustine,Saint Johns
32085,PO Box,Saint Augustine,Saint Johns
32086,Non-Unique,Saint Augustine,Saint Johns
32087,Non-Unique,Sanderson,Baker
32091,Non-Unique,Starke,Bradford
32092,Non-Unique,Saint Augustine,Saint Johns
32094,Non-Unique,Wellborn,Suwannee
32095,Non-Unique,Saint Augustine,Saint Johns
32096,Non-Unique,White Springs,Hamilton
32097,Non-Unique,Yulee,Nassau
32102,Non-Unique,Astor,Lake
32105,PO Box,Barberville,Volusia
32110,Non-Unique,Bunnell,Flagler
32111,PO Box,Candler,Marion
32112,Non-Unique,Crescent City,Putnam
32113,Non-Unique,Citra,Marion
32114,Non-Unique,Daytona Beach,Volusia
32115,PO Box,Daytona Beach,Volusia
32116,PO Box,Daytona Beach,Volusia
32117,Non-Unique,Daytona Beach,Volusia
32118,Non-Unique,Daytona Beach,Volusia
32119,Non-Unique,Daytona Beach,Volusia
32120,PO Box,Daytona Beach,Volusia
32121,PO Box,Daytona Beach,Volusia
32122,PO Box,Daytona Beach,Volusia
32123,PO Box,Port Orange,Volusia
32124,Non-Unique,Daytona Beach,Volusia
32125,PO Box,Daytona Beach,Volusia
32126,PO Box,Daytona Beach,Volusia
32127,Non-Unique,Port Orange,Volusia
32128,Non-Unique,Port Orange,Volusia
32129,Non-Unique,Port Orange,Volusia
,,,
32130,Non-Unique,De Leon Springs,Volusia
32131,Non-Unique,East Palatka,Putnam
32132,Non-Unique,Edgewater,Volusia
32133,PO Box,Eastlake Weir,Marion
32134,Non-Unique,Fort McCoy,Marion
32135,PO Box,Palm Coast,Flagler
32136,Non-Unique,Flagler Beach,Flagler
32137,Non-Unique,Palm Coast,Flagler
32138,PO Box,Grandin,Putnam
32139,Non-Unique,Georgetown,Putnam
32140,Non-Unique,Florahome,Putnam
32141,Non-Unique,Edgewater,Volusia
32142,PO Box,Palm Coast,Flagler
32145,Non-Unique,Hastings,Saint Johns
32147,PO Box,Hollister,Putnam
32148,Non-Unique,Interlachen,Putnam
32149,PO Box,Edgar,Putnam
32157,PO Box,Lake Como,Putnam
32158,PO Box,Lady Lake,Lake
32159,Non-Unique,Lady Lake,Lake
32160,PO Box,Lake Geneva,Clay
32162,Non-Unique,The Villages,Sumter
32164,Non-Unique,Palm Coast,Flagler
32168,Non-Unique,New Smyrna Beach,Volusia
32169,Non-Unique,New Smyrna Beach,Volusia
32170,PO Box,New Smyrna Beach,Volusia
32173,PO Box,Ormond Beach,Volusia
32174,Non-Unique,Ormond Beach,Volusia
32175,PO Box,Ormond Beach,Volusia
32176,Non-Unique,Ormond Beach,Volusia
32177,Non-Unique,Palatka,Putnam
32178,PO Box,Palatka,Putnam
32179,Non-Unique,Ocklawaha,Marion
32180,Non-Unique,Pierson,Volusia
32181,Non-Unique,Pomona Park,Putnam
32182,PO Box,Orange Springs,Marion
32183,PO Box,Ocklawaha,Marion
32185,PO Box,Putnam Hall,Putnam
,,,
32187,Non-Unique,San Mateo,Putnam
32189,Non-Unique,Satsuma,Putnam
32190,Non-Unique,Seville,Volusia
32192,PO Box,Sparr,Marion
32193,Non-Unique,Welaka,Putnam
32195,Non-Unique,Weirsdale,Marion
32198,Unique,Daytona Beach,Volusia
32201,PO Box,Jacksonville,Duval
32202,Non-Unique,Jacksonville,Duval
32203,PO Box,Jacksonville,Duval
32204,Non-Unique,Jacksonville,Duval
32205,Non-Unique,Jacksonville,Duval
32206,Non-Unique,Jacksonville,Duval
32207,Non-Unique,Jacksonville,Duval
32208,Non-Unique,Jacksonville,Duval
32209,Non-Unique,Jacksonville,Duval
32210,Non-Unique,Jacksonville,Duval
32211,Non-Unique,Jacksonville,Duval
32212,Non-Unique,Jacksonville,Duval
32216,Non-Unique,Jacksonville,Duval
32217,Non-Unique,Jacksonville,Duval
32218,Non-Unique,Jacksonville,Duval
32219,Non-Unique,Jacksonville,Duval
32220,Non-Unique,Jacksonville,Duval
32221,Non-Unique,Jacksonville,Duval
32222,Non-Unique,Jacksonville,Duval
32223,Non-Unique,Jacksonville,Duval
32224,Non-Unique,Jacksonville,Duval
32225,Non-Unique,Jacksonville,Duval
32226,Non-Unique,Jacksonville,Duval
32227,Non-Unique,Jacksonville,Duval
32228,PO Box,Jacksonville,Duval
32229,PO Box,Jacksonville,Duval
32231,PO Box,Jacksonville,Duval
32232,PO Box,Jacksonville,Duval
32233,Non-Unique,Atlantic Beach,Duval
32234,Non-Unique,Jacksonville,Duval
32235,PO Box,Jacksonville,Duval
32236,PO Box,Jacksonville,Duval
32237,PO Box,Jacksonville,Duval
32238,PO Box,Jacksonville,Duval
32239,PO Box,Jacksonville,Duval
32240,PO Box,Jacksonville Beach,Duval
32241,PO Box,Jacksonville,Duval
32244,Non-Unique,Jacksonville,Duval
32245,PO Box,Jacksonville,Duval
32246,Non-Unique,Jacksonville,Duval
32247,PO Box,Jacksonville,Duval
32250,Non-Unique,Jacksonville Beach,Duval
32254,Non-Unique,Jacksonville,Duval
32255,PO Box,Jacksonville,Duval
32256,Non-Unique,Jacksonville,Duval
32257,Non-Unique,Jacksonville,Duval
32258,Non-Unique,Jacksonville,Duval
32259,Non-Unique,Saint Johns,Saint Johns
32260,PO Box,Jacksonville,Saint Johns
32266,Non-Unique,Neptune Beach,Duval
32277,Non-Unique,Jacksonville,Duval
32301,Non-Unique,Tallahassee,Leon
32302,PO Box,Tallahassee,Leon
32303,Non-Unique,Tallahassee,Leon
32304,Non-Unique,Tallahassee,Leon
32305,Non-Unique,Tallahassee,Leon
32308,Non-Unique,Tallahassee,Leon
32309,Non-Unique,Tallahassee,Leon
32310,Non-Unique,Tallahassee,Leon
32311,Non-Unique,Tallahassee,Leon
32312,Non-Unique,Tallahassee,Leon
32313,Unique,Tallahassee,Leon
32314,PO Box,Tallahassee,Leon
32315,PO Box,Tallahassee,Leon
32316,PO Box,Tallahassee,Leon
32317,Non-Unique,Tallahassee,Leon
32318,PO Box,Tallahassee,Leon
32320,Non-Unique,Apalachicola,Franklin
32321,Non-Unique,Bristol,Liberty
32322,Non-Unique,Carrabelle,Franklin
32323,PO Box,Lanark Village,Franklin
32324,Non-Unique,Chattahoochee,Gadsden
32326,PO Box,Crawfordville,Wakulla
32327,Non-Unique,Crawfordville,Wakulla
32328,Non-Unique,Eastpoint,Franklin
32329,PO Box,Apalachicola,Franklin
32330,Non-Unique,Greensboro,Gadsden
32331,Non-Unique,Greenville,Madison
32332,Non-Unique,Gretna,Gadsden
32333,Non-Unique,Havana,Gadsden
32334,Non-Unique,Hosford,Liberty
32335,PO Box,Sumatra,Liberty
32336,Non-Unique,Lamont,Jefferson
32337,PO Box,Lloyd,Jefferson
32340,Non-Unique,Madison,Madison
32341,PO Box,Madison,Madison
32343,Non-Unique,Midway,Gadsden
32344,Non-Unique,Monticello,Jefferson
32345,PO Box,Monticello,Jefferson
32346,Non-Unique,Panacea,Franklin
32347,Non-Unique,Perry,Taylor
32348,Non-Unique,Perry,Taylor
32350,Non-Unique,Pinetta,Madison
32351,Non-Unique,Quincy,Gadsden
32352,Non-Unique,Quincy,Gadsden
32353,PO Box,Quincy,Gadsden
32355,Non-Unique,Saint Marks,Wakulla
32356,Non-Unique,Salem,Taylor
32357,PO Box,Shady Grove,Taylor
32358,Non-Unique,Sopchoppy,Wakulla
32359,Non-Unique,Steinhatchee,Dixie
32360,PO Box,Telogia,Liberty
32361,PO Box,Wacissa,Jefferson
32362,PO Box,Woodville,Leon
32395,Unique,Tallahassee,Leon
32399,Non-Unique,Tallahassee,Leon
32401,Non-Unique,Panama City,Bay
32402,PO Box,Panama City,Bay
32403,Non-Unique,Panama City,Bay
32404,Non-Unique,Panama City,Bay
32405,Non-Unique,Panama City,Bay
32406,PO Box,Panama City,Bay
32407,Non-Unique,Panama City Beach,Bay
32408,Non-Unique,Panama City,Bay
32409,Non-Unique,Panama City,Bay
32410,PO Box,Mexico Beach,Bay
32411,PO Box,Panama City,Bay
32412,PO Box,Panama City,Bay
32413,Non-Unique,Panama City Beach,Bay
32417,PO Box,Panama City,Bay
32420,Non-Unique,Alford,Jackson
32421,Non-Unique,Altha,Calhoun
32422,PO Box,Argyle,Walton
32423,Non-Unique,Bascom,Jackson
32424,Non-Unique,Blountstown,Calhoun
32425,Non-Unique,Bonifay,Holmes
32426,Non-Unique,Campbellton,Jackson
32427,Non-Unique,Caryville,Washington
32428,Non-Unique,Chipley,Washington
32430,Non-Unique,Clarksville,Calhoun
32431,Non-Unique,Cottondale,Jackson
32432,PO Box,Cypress,Jackson
32433,Non-Unique,DeFuniak Springs,Walton
32434,PO Box,Mossy Head,Walton
32435,Non-Unique,DeFuniak Springs,Walton
32437,Non-Unique,Ebro,Washington
32438,Non-Unique,Fountain,Bay
32439,Non-Unique,Freeport,Walton
32440,Non-Unique,Graceville,Jackson
32442,Non-Unique,Grand Ridge,Jackson
32443,Non-Unique,Greenwood,Jackson
32444,Non-Unique,Lynn Haven,Bay
32445,Non-Unique,Malone,Jackson
32446,Non-Unique,Marianna,Jackson
32447,PO Box,Marianna,Jackson
32448,Non-Unique,Marianna,Jackson
32449,Non-Unique,Wewahitchka,Calhoun
32452,PO Box,Noma,Holmes
32455,Non-Unique,Ponce De Leon,Walton
32456,Non-Unique,Port Saint Joe,Gulf
32457,PO Box,Port Saint Joe,Gulf
32459,Non-Unique,Santa Rosa Beach,Walton
32460,Non-Unique,Sneads,Jackson
32461,PO Box,Inlet Beach,Walton
32462,Non-Unique,Vernon,Washington
32463,PO Box,Wausau,Washington
32464,Non-Unique,Westville,Holmes
32465,Non-Unique,Wewahitchka,Gulf
32466,Non-Unique,Youngstown,Bay
32501,Non-Unique,Pensacola,Escambia
32502,Non-Unique,Pensacola,Escambia
32503,Non-Unique,Pensacola,Escambia
32504,Non-Unique,Pensacola,Escambia
32505,Non-Unique,Pensacola,Escambia
32506,Non-Unique,Pensacola,Escambia
32507,Non-Unique,Pensacola,Escambia
32508,Non-Unique,Pensacola,Escambia
32509,Non-Unique,Pensacola,Escambia
32511,Non-Unique,Pensacola,Escambia
32512,Unique,Pensacola,Escambia
32513,PO Box,Pensacola,Escambia
32514,Non-Unique,Pensacola,Escambia
32516,PO Box,Pensacola,Escambia
32520,Unique,Pensacola,Escambia
32521,Unique,Pensacola,Escambia
32522,PO Box,Pensacola,Escambia
32523,PO Box,Pensacola,Escambia
32524,PO Box,Pensacola,Escambia
32526,Non-Unique,Pensacola,Escambia
32530,PO Box,Bagdad,Santa Rosa
32531,Non-Unique,Baker,Okaloosa
32533,Non-Unique,Cantonment,Escambia
32534,Non-Unique,Pensacola,Escambia
32535,Non-Unique,Century,Escambia
32536,Non-Unique,Crestview,Okaloosa
32537,PO Box,Milligan,Okaloosa
32538,PO Box,Paxton,Walton
32539,Non-Unique,Crestview,Okaloosa
32540,PO Box,Destin,Okaloosa
32541,Non-Unique,Destin,Okaloosa
32542,Non-Unique,Eglin Afb,Okaloosa
32544,Non-Unique,Hurlburt Field,Okaloosa
32547,Non-Unique,Fort Walton Beach,Okaloosa
32548,Non-Unique,Fort Walton Beach,Okaloosa
32549,PO Box,Fort Walton Beach,Okaloosa
32550,Non-Unique,Miramar Beach,Walton
32559,Unique,Pensacola,Escambia
32560,PO Box,Gonzalez,Escambia
32561,Non-Unique,Gulf Breeze,Escambia
32562,PO Box,Gulf Breeze,Santa Rosa
32563,Non-Unique,Gulf Breeze,Santa Rosa
32564,Non-Unique,Holt,Santa Rosa
32565,Non-Unique,Jay,Santa Rosa
32566,Non-Unique,Navarre,Santa Rosa
32567,Non-Unique,Laurel Hill,Okaloosa
32568,Non-Unique,McDavid,Escambia
32569,Non-Unique,Mary Esther,Okaloosa
32570,Non-Unique,Milton,Santa Rosa
32571,Non-Unique,Milton,Santa Rosa
32572,PO Box,Milton,Santa Rosa
32577,Non-Unique,Molino,Escambia
32578,Non-Unique,Niceville,Okaloosa
32579,Non-Unique,Shalimar,Okaloosa
32580,Non-Unique,Valparaiso,Okaloosa
32583,Non-Unique,Milton,Santa Rosa
32588,PO Box,Niceville,Okaloosa
32591,PO Box,Pensacola,Escambia
32601,Non-Unique,Gainesville,Alachua
32602,PO Box,Gainesville,Alachua
32603,Non-Unique,Gainesville,Alachua
32604,PO Box,Gainesville,Alachua
32605,Non-Unique,Gainesville,Alachua
32606,Non-Unique,Gainesville,Alachua
32607,Non-Unique,Gainesville,Alachua
32608,Non-Unique,Gainesville,Alachua
32609,Non-Unique,Gainesville,Alachua
32610,Unique,Gainesville,Alachua
32612,Unique,Gainesville,Alachua
32614,PO Box,Gainesville,Alachua
32615,Non-Unique,Alachua,Alachua
32616,PO Box,Alachua,Alachua
32617,Non-Unique,Anthony,Marion
32618,Non-Unique,Archer,Alachua
32619,Non-Unique,Bell,Gilchrist
32621,Non-Unique,Bronson,Levy
32622,Non-Unique,Brooker,Bradford
32625,Non-Unique,Cedar Key,Levy
32626,Non-Unique,Chiefland,Levy
32627,PO Box,Gainesville,Alachua
32628,Non-Unique,Cross City,Dixie
32631,Non-Unique,Earleton,Alachua
32633,PO Box,Evinston,Alachua
32634,PO Box,Fairfield,Marion
32635,PO Box,Gainesville,Alachua
32639,PO Box,Gulf Hammock,Levy
32640,Non-Unique,Hawthorne,Alachua
32641,Non-Unique,Gainesville,Alachua
32643,Non-Unique,High Springs,Alachua
32644,PO Box,Chiefland,Levy
32648,Non-Unique,Horseshoe Beach,Dixie
32653,Non-Unique,Gainesville,Alachua
32654,PO Box,Island Grove,Alachua
32655,PO Box,High Springs,Alachua
32656,Non-Unique,Keystone Heights,Clay
32658,PO Box,La Crosse,Alachua
32662,PO Box,Lochloosa,Alachua
32663,PO Box,Lowell,Marion
32664,PO Box,McIntosh,Marion
32666,Non-Unique,Melrose,Putnam
32667,Non-Unique,Micanopy,Alachua
32668,Non-Unique,Morriston,Levy
32669,Non-Unique,Newberry,Alachua
32680,Non-Unique,Old Town,Dixie
32681,PO Box,Orange Lake,Marion
32683,PO Box,Otter Creek,Levy
32686,Non-Unique,Reddick,Marion
32692,PO Box,Suwannee,Dixie
32693,Non-Unique,Trenton,Gilchrist
32694,Non-Unique,Waldo,Alachua
32696,Non-Unique,Williston,Levy
32697,PO Box,Worthington Springs,Union
32701,Non-Unique,Altamonte Springs,Seminole
32702,Non-Unique,Altoona,Lake
32703,Non-Unique,Apopka,Orange
32704,PO Box,Apopka,Orange
32706,PO Box,Cassadaga,Volusia
32707,Non-Unique,Casselberry,Seminole
32708,Non-Unique,Winter Springs,Seminole
32709,Non-Unique,Christmas,Orange
32710,PO Box,Clarcona,Orange
32712,Non-Unique,Apopka,Orange
32713,Non-Unique,Debary,Volusia
32714,Non-Unique,Altamonte Springs,Seminole
32715,PO Box,Altamonte Springs,Seminole
32716,PO Box,Altamonte Springs,Seminole
32718,PO Box,Casselberry,Seminole
32719,PO Box,Winter Springs,Seminole
32720,Non-Unique,DeLand,Volusia
32721,PO Box,DeLand,Volusia
32722,PO Box,Glenwood,Volusia
32723,Unique,DeLand,Volusia
32724,Non-Unique,DeLand,Volusia
32725,Non-Unique,Deltona,Volusia
32726,Non-Unique,Eustis,Lake
32727,PO Box,Eustis,Lake
32728,PO Box,Deltona,Volusia
32730,Non-Unique,Casselberry,Seminole
32732,Non-Unique,Geneva,Seminole
32733,PO Box,Goldenrod,Seminole
32735,Non-Unique,Grand Island,Lake
32736,Non-Unique,Eustis,Lake
32738,Non-Unique,Deltona,Volusia
32739,PO Box,Deltona,Volusia
32744,Non-Unique,Lake Helen,Volusia
32745,PO Box,Mid Florida,Seminole
32746,Non-Unique,Lake Mary,Seminole
32747,PO Box,Lake Monroe,Seminole
32750,Non-Unique,Longwood,Seminole
32751,Non-Unique,Maitland,Orange
32752,PO Box,Longwood,Seminole
32753,PO Box,DeBary,Volusia
32754,Non-Unique,Mims,Brevard
32756,PO Box,Mount Dora,Lake
32757,Non-Unique,Mount Dora,Orange
32759,Non-Unique,Oak Hill,Volusia
32762,PO Box,Oviedo,Seminole
32763,Non-Unique,Orange City,Volusia
32764,Non-Unique,Osteen,Volusia
32765,Non-Unique,Oviedo,Seminole
32766,Non-Unique,Oviedo,Seminole
32767,Non-Unique,Paisley,Lake
32768,PO Box,Plymouth,Orange
32771,Non-Unique,Sanford,Seminole
32772,PO Box,Sanford,Seminole
32773,Non-Unique,Sanford,Seminole
32774,PO Box,Orange City,Volusia
32775,PO Box,Scottsmoor,Brevard
32776,Non-Unique,Sorrento,Lake
32777,PO Box,Tangerine,Orange
32778,Non-Unique,Tavares,Lake
32779,Non-Unique,Longwood,Seminole
32780,Non-Unique,Titusville,Brevard
32781,PO Box,Titusville,Brevard
32783,PO Box,Titusville,Brevard
32784,Non-Unique,Umatilla,Lake
32789,Non-Unique,Winter Park,Orange
32790,PO Box,Winter Park,Orange
32791,PO Box,Longwood,Seminole
32792,Non-Unique,Winter Park,Seminole
32793,PO Box,Winter Park,Orange
32794,PO Box,Maitland,Orange
32795,PO Box,Lake Mary,Seminole
32796,Non-Unique,Titusville,Brevard
32798,Non-Unique,Zellwood,Orange
32799,PO Box,Mid Florida,Orange
32801,Non-Unique,Orlando,Orange
32802,PO Box,Orlando,Orange
32803,Non-Unique,Orlando,Orange
32804,Non-Unique,Orlando,Orange
32805,Non-Unique,Orlando,Orange
32806,Non-Unique,Orlando,Orange
32807,Non-Unique,Orlando,Orange
32808,Non-Unique,Orlando,Orange
32809,Non-Unique,Orlando,Orange
32810,Non-Unique,Orlando,Orange
32811,Non-Unique,Orlando,Orange
32812,Non-Unique,Orlando,Orange
32814,Non-Unique,Orlando,Orange
32817,Non-Unique,Orlando,Orange
32818,Non-Unique,Orlando,Orange
32819,Non-Unique,Orlando,Orange
32820,Non-Unique,Orlando,Orange
32821,Non-Unique,Orlando,Orange
32822,Non-Unique,Orlando,Orange
32824,Non-Unique,Orlando,Orange
32825,Non-Unique,Orlando,Orange
32826,Non-Unique,Orlando,Orange
32827,Non-Unique,Orlando,Orange
32828,Non-Unique,Orlando,Orange
32829,Non-Unique,Orlando,Orange
32830,Non-Unique,Orlando,Orange
32831,Non-Unique,Orlando,Orange
32832,Non-Unique,Orlando,Orange
32833,Non-Unique,Orlando,Orange
32835,Non-Unique,Orlando,Orange
32836,Non-Unique,Orlando,Orange
32837,Non-Unique,Orlando,Orange
32839,Non-Unique,Orlando,Orange
32853,PO Box,Orlando,Orange
32854,PO Box,Orlando,Orange
32855,PO Box,Orlando,Orange
32856,PO Box,Orlando,Orange
32857,PO Box,Orlando,Orange
32858,PO Box,Orlando,Orange
32859,PO Box,Orlando,Orange
32860,PO Box,Orlando,Orange
32861,PO Box,Orlando,Orange
32862,PO Box,Orlando,Orange
32867,PO Box,Orlando,Orange
32868,PO Box,Orlando,Orange
32869,PO Box,Orlando,Orange
32872,PO Box,Orlando,Orange
32877,PO Box,Orlando,Orange
32878,PO Box,Orlando,Orange
32885,Unique,Orlando,Orange
32886,Unique,Orlando,Orange
32887,Unique,Orlando,Orange
32891,Unique,Orlando,Orange
32896,Unique,Orlando,Orange
32897,Unique,Orlando,Orange
32899,Unique,Orlando,Orange
32901,Non-Unique,Melbourne,Brevard
32902,PO Box,Melbourne,Brevard
32903,Non-Unique,Indialantic,Brevard
32904,Non-Unique,Melbourne,Brevard
32905,Non-Unique,Palm Bay,Brevard
32906,PO Box,Palm Bay,Brevard
32907,Non-Unique,Palm Bay,Brevard
32908,Non-Unique,Palm Bay,Brevard
32909,Non-Unique,Palm Bay,Brevard
32910,PO Box,Palm Bay,Brevard
32911,PO Box,Palm Bay,Brevard
32912,PO Box,Melbourne,Brevard
32919,Unique,Melbourne,Brevard
32920,Non-Unique,Cape Canaveral,Brevard
32922,Non-Unique,Cocoa,Brevard
32923,PO Box,Cocoa,Brevard
32924,PO Box,Cocoa,Brevard
32925,Non-Unique,Patrick Afb,Brevard
32926,Non-Unique,Cocoa,Brevard
32927,Non-Unique,Cocoa,Brevard
32931,Non-Unique,Cocoa Beach,Brevard
32932,PO Box,Cocoa Beach,Brevard
32934,Non-Unique,Melbourne,Brevard
32935,Non-Unique,Melbourne,Brevard
32936,PO Box,Melbourne,Brevard
32937,Non-Unique,Satellite Beach,Brevard
32940,Non-Unique,Melbourne,Brevard
32941,PO Box,Melbourne,Brevard
32948,Non-Unique,Fellsmere,Indian River
32949,Non-Unique,Grant,Brevard
32950,Non-Unique,Malabar,Brevard
32951,Non-Unique,Melbourne Beach,Brevard
32952,Non-Unique,Merritt Island,Brevard
32953,Non-Unique,Merritt Island,Brevard
32954,PO Box,Merritt Island,Brevard
32955,Non-Unique,Rockledge,Brevard
32956,PO Box,Rockledge,Brevard
32957,PO Box,Roseland,Indian River
32958,Non-Unique,Sebastian,Indian River
32959,PO Box,Sharpes,Brevard
32960,Non-Unique,Vero Beach,Indian River
32961,PO Box,Vero Beach,Indian River
32962,Non-Unique,Vero Beach,Indian River
32963,Non-Unique,Vero Beach,Indian River
32964,PO Box,Vero Beach,Indian River
32965,PO Box,Vero Beach,Indian River
32966,Non-Unique,Vero Beach,Indian River
32967,Non-Unique,Vero Beach,Indian River
32968,Non-Unique,Vero Beach,Indian River
32969,PO Box,Vero Beach,Indian River
32970,PO Box,Wabasso,Indian River
32971,PO Box,Winter Beach,Indian River
32976,Non-Unique,Sebastian,Brevard
32978,PO Box,Sebastian,Indian River
33001,PO Box,Long Key,Monroe
33002,PO Box,Hialeah,Dade
33004,Non-Unique,Dania,Broward
33008,PO Box,Hallandale,Broward
33009,Non-Unique,Hallandale,Broward
33010,Non-Unique,Hialeah,Miami-Dade
33011,PO Box,Hialeah,Dade
33012,Non-Unique,Hialeah,Miami-Dade
33013,Non-Unique,Hialeah,Miami-Dade
33014,Non-Unique,Hialeah,Miami-Dade
33015,Non-Unique,Hialeah,Miami-Dade
33016,Non-Unique,Hialeah,Miami-Dade
33017,PO Box,Hialeah,Dade
33018,Non-Unique,Hialeah,Miami-Dade
33019,Non-Unique,Hollywood,Broward
33020,Non-Unique,Hollywood,Broward
33021,Non-Unique,Hollywood,Broward
33022,PO Box,Hollywood,Broward
33023,Non-Unique,Hollywood,Broward
33024,Non-Unique,Hollywood,Broward
33025,Non-Unique,Hollywood,Broward
33026,Non-Unique,Hollywood,Broward
33027,Non-Unique,Hollywood,Broward
33028,Non-Unique,Pembroke Pines,Broward
33029,Non-Unique,Hollywood,Broward
33030,Non-Unique,Homestead,Miami-Dade
33031,Non-Unique,Homestead,Miami-Dade
33032,Non-Unique,Homestead,Miami-Dade
33033,Non-Unique,Homestead,Miami-Dade
33034,Non-Unique,Homestead,Miami-Dade
33035,Non-Unique,Homestead,Miami-Dade
33036,Non-Unique,Islamorada,Monroe
33037,Non-Unique,Key Largo,Monroe
33039,Non-Unique,Homestead,Miami-Dade
33040,Non-Unique,Key West,Monroe
33041,PO Box,Key West,Monroe
33042,Non-Unique,Summerland Key,Monroe
33043,Non-Unique,Big Pine Key,Monroe
33045,PO Box,Key West,Monroe
33050,Non-Unique,Marathon,Monroe
33051,PO Box,Key Colony Beach,Monroe
33052,PO Box,Marathon Shores,Monroe
33054,Non-Unique,Opa Locka,Miami-Dade
33055,Non-Unique,Opa Locka,Miami-Dade
33056,Non-Unique,Miami Gardens,Miami-Dade
33060,Non-Unique,Pompano Beach,Broward
33061,PO Box,Pompano Beach,Broward
33062,Non-Unique,Pompano Beach,Broward
33063,Non-Unique,Pompano Beach,Broward
33064,Non-Unique,Pompano Beach,Broward
33065,Non-Unique,Coral Springs,Broward
33066,Non-Unique,Pompano Beach,Broward
33067,Non-Unique,Pompano Beach,Broward
33068,Non-Unique,Pompano Beach,Broward
33069,Non-Unique,Pompano Beach,Broward
33070,Non-Unique,Tavernier,Monroe
33071,Non-Unique,Coral Springs,Broward
33072,PO Box,Pompano Beach,Broward
33073,Non-Unique,Pompano Beach,Broward
33074,PO Box,Pompano Beach,Broward
33075,PO Box,Pompano Beach,Broward
33076,Non-Unique,Pompano Beach,Broward
33077,PO Box,Pompano Beach,Broward
33081,PO Box,Hollywood,Broward
33082,PO Box,Pembroke Pines,Broward
33083,PO Box,Hollywood,Broward
33084,PO Box,Pembroke Pines,Broward
33090,PO Box,Homestead,Dade
33092,PO Box,Homestead,Dade
33093,PO Box,Pompano Beach,Broward
33097,PO Box,Pompano Beach,Broward
33101,PO Box,Miami,Dade
33102,PO Box,Miami,Dade
33106,Unique,Miami,Dade
33109,Non-Unique,Miami Beach,Miami-Dade
33111,PO Box,Miami,Dade
33112,Unique,Miami,Dade
33114,PO Box,Miami,Dade
33116,PO Box,Miami,Dade
33119,PO Box,Miami Beach,Dade
33122,Non-Unique,Miami,Miami-Dade
33124,PO Box,Miami,Dade
33125,Non-Unique,Miami,Miami-Dade
33126,Non-Unique,Miami,Miami-Dade
33127,Non-Unique,Miami,Miami-Dade
33128,Non-Unique,Miami,Miami-Dade
33129,Non-Unique,Miami,Miami-Dade
33130,Non-Unique,Miami,Miami-Dade
33131,Non-Unique,Miami,Miami-Dade
33132,Non-Unique,Miami,Miami-Dade
33133,Non-Unique,Miami,Miami-Dade
33134,Non-Unique,Miami,Miami-Dade
33135,Non-Unique,Miami,Miami-Dade
33136,Non-Unique,Miami,Miami-Dade
33137,Non-Unique,Miami,Miami-Dade
33138,Non-Unique,Miami,Miami-Dade
33139,Non-Unique,Miami Beach,Miami-Dade
33140,Non-Unique,Miami Beach,Miami-Dade
33141,Non-Unique,Miami Beach,Miami-Dade
33142,Non-Unique,Miami,Miami-Dade
33143,Non-Unique,Miami,Miami-Dade
33144,Non-Unique,Miami,Miami-Dade
33145,Non-Unique,Miami,Miami-Dade
33146,Non-Unique,Miami,Miami-Dade
33147,Non-Unique,Miami,Miami-Dade
33149,Non-Unique,Key Biscayne,Miami-Dade
33150,Non-Unique,Miami,Miami-Dade
33151,PO Box,Miami,Dade
33152,PO Box,Miami,Dade
33153,PO Box,Miami,Dade
33154,Non-Unique,Miami Beach,Miami-Dade
33155,Non-Unique,Miami,Miami-Dade
33156,Non-Unique,Miami,Miami-Dade
33157,Non-Unique,Miami,Miami-Dade
33158,Non-Unique,Miami,Miami-Dade
33159,PO Box,Miami,Dade
33160,Non-Unique,North Miami Beach,Miami-Dade
33161,Non-Unique,Miami,Miami-Dade
33162,Non-Unique,Miami,Miami-Dade
33163,PO Box,Miami,Dade
33164,PO Box,Miami,Dade
33165,Non-Unique,Miami,Miami-Dade
33166,Non-Unique,Miami,Miami-Dade
33167,Non-Unique,Miami,Miami-Dade
33168,Non-Unique,Miami,Miami-Dade
33169,Non-Unique,Miami,Miami-Dade
33170,Non-Unique,Miami,Miami-Dade
33172,Non-Unique,Miami,Miami-Dade
33173,Non-Unique,Miami,Miami-Dade
33174,Non-Unique,Miami,Miami-Dade
33175,Non-Unique,Miami,Miami-Dade
33176,Non-Unique,Miami,Miami-Dade
33177,Non-Unique,Miami,Miami-Dade
33178,Non-Unique,Miami,Miami-Dade
33179,Non-Unique,Miami,Miami-Dade
33180,Non-Unique,Miami,Miami-Dade
33181,Non-Unique,Miami,Miami-Dade
33182,Non-Unique,Miami,Miami-Dade
33183,Non-Unique,Miami,Miami-Dade
33184,Non-Unique,Miami,Miami-Dade
33185,Non-Unique,Miami,Miami-Dade
33186,Non-Unique,Miami,Miami-Dade
33187,Non-Unique,Miami,Miami-Dade
33188,Unique,Miami,Dade
33189,Non-Unique,Miami,Miami-Dade
33190,Non-Unique,Miami,Miami-Dade
33193,Non-Unique,Miami,Miami-Dade
33194,Non-Unique,Miami,Miami-Dade
33195,Non-Unique,Milam Dairy,Dade
33196,Non-Unique,Miami,Miami-Dade
33197,PO Box,Miami,Dade
33206,Unique,Miami,Dade
33222,PO Box,Miami,Dade
33231,PO Box,Miami,Dade
33233,PO Box,Miami,Dade
33234,PO Box,Miami,Dade
33238,PO Box,Miami,Dade
33239,PO Box,Miami Beach,Dade
33242,PO Box,Miami,Dade
33243,PO Box,Miami,Dade
33245,PO Box,Miami,Dade
33247,PO Box,Miami,Dade
33255,PO Box,Miami,Dade
33256,PO Box,Miami,Dade
33257,PO Box,Miami,Dade
33261,PO Box,Miami,Dade
33265,PO Box,Miami,Dade
33266,PO Box,Miami,Dade
33269,PO Box,Miami,Dade
33280,PO Box,Miami,Dade
33283,PO Box,Miami,Dade
33296,PO Box,Miami,Dade
33299,PO Box,Miami,Dade
33301,Non-Unique,Fort Lauderdale,Broward
33302,PO Box,Fort Lauderdale,Broward
33303,PO Box,Fort Lauderdale,Broward
33304,Non-Unique,Fort Lauderdale,Broward
33305,Non-Unique,Fort Lauderdale,Broward
33306,Non-Unique,Fort Lauderdale,Broward
33307,PO Box,Fort Lauderdale,Broward
33308,Non-Unique,Fort Lauderdale,Broward
33309,Non-Unique,Fort Lauderdale,Broward
33310,PO Box,Fort Lauderdale,Broward
33311,Non-Unique,Fort Lauderdale,Broward
33312,Non-Unique,Fort Lauderdale,Broward
33313,Non-Unique,Fort Lauderdale,Broward
33314,Non-Unique,Fort Lauderdale,Broward
33315,Non-Unique,Fort Lauderdale,Broward
33316,Non-Unique,Fort Lauderdale,Broward
33317,Non-Unique,Fort Lauderdale,Broward
33318,PO Box,Fort Lauderdale,Broward
33319,Non-Unique,Fort Lauderdale,Broward
33320,PO Box,Fort Lauderdale,Broward
33321,Non-Unique,Fort Lauderdale,Broward
33322,Non-Unique,Fort Lauderdale,Broward
33323,Non-Unique,Fort Lauderdale,Broward
33324,Non-Unique,Fort Lauderdale,Broward
33325,Non-Unique,Fort Lauderdale,Broward
33326,Non-Unique,Fort Lauderdale,Broward
33327,Non-Unique,Fort Lauderdale,Broward
33328,Non-Unique,Fort Lauderdale,Broward
33329,PO Box,Fort Lauderdale,Broward
33330,Non-Unique,Fort Lauderdale,Broward
33331,Non-Unique,Fort Lauderdale,Broward
33332,Non-Unique,Fort Lauderdale,Broward
33334,Non-Unique,Fort Lauderdale,Broward
33335,PO Box,Fort Lauderdale,Broward
33336,Unique,Fort Lauderdale,Broward
33337,Unique,Fort Lauderdale,Broward
33338,PO Box,Fort Lauderdale,Broward
33339,PO Box,Fort Lauderdale,Broward
33340,PO Box,Fort Lauderdale,Broward
33345,PO Box,Fort Lauderdale,Broward
33346,PO Box,Fort Lauderdale,Broward
33348,PO Box,Fort Lauderdale,Broward
33349,PO Box,Fort Lauderdale,Broward
33351,Non-Unique,Fort Lauderdale,Broward
33355,PO Box,Fort Lauderdale,Broward
33359,PO Box,Fort Lauderdale,Broward
33401,Non-Unique,West Palm Beach,Palm Beach
33402,PO Box,West Palm Beach,Palm Beach
33403,Non-Unique,West Palm Beach,Palm Beach
33404,Non-Unique,West Palm Beach,Palm Beach
33405,Non-Unique,West Palm Beach,Palm Beach
33406,Non-Unique,West Palm Beach,Palm Beach
33407,Non-Unique,West Palm Beach,Palm Beach
33408,Non-Unique,North Palm Beach,Palm Beach
33409,Non-Unique,West Palm Beach,Palm Beach
33410,Non-Unique,Palm Beach Gardens,Palm Beach
33411,Non-Unique,West Palm Beach,Palm Beach
33412,Non-Unique,West Palm Beach,Palm Beach
33413,Non-Unique,West Palm Beach,Palm Beach
33414,Non-Unique,Wellington,Palm Beach
33415,Non-Unique,West Palm Beach,Palm Beach
33416,PO Box,West Palm Beach,Palm Beach
33417,Non-Unique,West Palm Beach,Palm Beach
33418,Non-Unique,Palm Beach Gardens,Palm Beach
33419,PO Box,West Palm Beach,Palm Beach
33420,PO Box,West Palm Beach,Palm Beach
33421,PO Box,West Palm Beach,Palm Beach
33422,PO Box,West Palm Beach,Palm Beach
33424,PO Box,Boynton Beach,Palm Beach
33425,PO Box,Boynton Beach,Palm Beach
33426,Non-Unique,Boynton Beach,Palm Beach
33427,PO Box,Boca Raton,Palm Beach
33428,Non-Unique,Boca Raton,Palm Beach
33429,PO Box,Boca Raton,Palm Beach
33430,Non-Unique,Belle Glade,Palm Beach
33431,Non-Unique,Boca Raton,Palm Beach
33432,Non-Unique,Boca Raton,Palm Beach
33433,Non-Unique,Boca Raton,Palm Beach
33434,Non-Unique,Boca Raton,Palm Beach
33435,Non-Unique,Boynton Beach,Palm Beach
33436,Non-Unique,Boynton Beach,Palm Beach
33437,Non-Unique,Boynton Beach,Palm Beach
33438,Non-Unique,Canal Point,Palm Beach
33440,Non-Unique,Clewiston,Hendry
33441,Non-Unique,Deerfield Beach,Broward
33442,Non-Unique,Deerfield Beach,Broward
33443,PO Box,Deerfield Beach,Broward
33444,Non-Unique,Delray Beach,Palm Beach
33445,Non-Unique,Delray Beach,Palm Beach
33446,Non-Unique,Delray Beach,Palm Beach
33448,PO Box,Delray Beach,Palm Beach
33449,Non-Unique,Lake Worth,Palm Beach
33454,PO Box,Lake Worth,Palm Beach
33455,Non-Unique,Hobe Sound,Martin
33458,Non-Unique,Jupiter,Palm Beach
33459,PO Box,Lake Harbor,Palm Beach
33460,Non-Unique,Lake Worth Beach,Palm Beach
33461,Non-Unique,Lake Worth,Palm Beach
33462,Non-Unique,Lake Worth,Palm Beach
33463,Non-Unique,Lake Worth,Palm Beach
33464,Unique,Lake Worth,Palm Beach
33465,PO Box,Lake Worth,Palm Beach
33466,PO Box,Lake Worth,Palm Beach
33467,Non-Unique,Lake Worth,Palm Beach
33468,PO Box,Jupiter,Palm Beach
33469,Non-Unique,Jupiter,Martin
33470,Non-Unique,Loxahatchee,Palm Beach
33471,Non-Unique,Moore Haven,Glades
33472,Non-Unique,Boynton Beach,Palm Beach
33473,Non-Unique,Boynton Beach,Palm Beach
33474,PO Box,Boynton Beach,Palm Beach
33475,PO Box,Hobe Sound,Martin
33476,Non-Unique,Pahokee,Palm Beach
33477,Non-Unique,Jupiter,Palm Beach
33478,Non-Unique,Jupiter,Palm Beach
33480,Non-Unique,Palm Beach,Palm Beach
33481,PO Box,Boca Raton,Palm Beach
33482,PO Box,Delray Beach,Palm Beach
33483,Non-Unique,Delray Beach,Palm Beach
33484,Non-Unique,Delray Beach,Palm Beach
33486,Non-Unique,Boca Raton,Palm Beach
33487,Non-Unique,Boca Raton,Palm Beach
33488,PO Box,Boca Raton,Palm Beach
33493,Non-Unique,South Bay,Palm Beach
33496,Non-Unique,Boca Raton,Palm Beach
33497,PO Box,Boca Raton,Palm Beach
33498,Non-Unique,Boca Raton,Palm Beach
33499,Unique,Boca Raton,Palm Beach
33503,PO Box,Balm,Hillsborough
33508,PO Box,Brandon,Hillsborough
33509,PO Box,Brandon,Hillsborough
33510,Non-Unique,Brandon,Hillsborough
33511,Non-Unique,Brandon,Hillsborough
33513,Non-Unique,Bushnell,Sumter
33514,Non-Unique,Center Hill,Sumter
33521,PO Box,Coleman,Sumter
33523,Non-Unique,Dade City,Pasco
33524,PO Box,Crystal Springs,Pasco
33525,Non-Unique,Dade City,Pasco
33526,PO Box,Dade City,Pasco
33527,Non-Unique,Dover,Hillsborough
33530,PO Box,Durant,Hillsborough
33534,Non-Unique,Gibsonton,Hillsborough
33537,PO Box,Lacoochee,Pasco
33538,Non-Unique,Lake Panasoffkee,Sumter
33539,PO Box,Zephyrhills,Pasco
33540,Non-Unique,Zephyrhills,Pasco
33541,Non-Unique,Zephyrhills,Pasco
33542,Non-Unique,Zephyrhills,Pasco
33543,Non-Unique,Wesley Chapel,Pasco
33544,Non-Unique,Wesley Chapel,Pasco
33545,Non-Unique,Wesley Chapel,Pasco
33547,Non-Unique,Lithia,Hillsborough
33548,Non-Unique,Lutz,Hillsborough
33549,Non-Unique,Lutz,Hillsborough
33550,PO Box,Mango,Hillsborough
33556,Non-Unique,Odessa,Hillsborough
33558,Non-Unique,Lutz,Hillsborough
33559,Non-Unique,Lutz,Hillsborough
33563,Non-Unique,Plant City,Hillsborough
33564,PO Box,Plant City,Hillsborough
33565,Non-Unique,Plant City,Hillsborough
33566,Non-Unique,Plant City,Hillsborough
33567,Non-Unique,Plant City,Hillsborough
33568,PO Box,Riverview,Hillsborough
33569,Non-Unique,Riverview,Hillsborough
33570,Non-Unique,Ruskin,Hillsborough
33571,PO Box,Sun City Center,Hillsborough
33572,Non-Unique,Apollo Beach,Hillsborough
33573,Non-Unique,Sun City Center,Hillsborough
33574,PO Box,Saint Leo,Pasco
33575,PO Box,Ruskin,Hillsborough
33576,Non-Unique,San Antonio,Pasco
33578,Non-Unique,Riverview,Hillsborough
33579,Non-Unique,Riverview,Hillsborough
33583,PO Box,Seffner,Hillsborough
33584,Non-Unique,Seffner,Hillsborough
33585,Non-Unique,Sumterville,Sumter
33586,PO Box,Sun City,Hillsborough
33587,PO Box,Sydney,Hillsborough
33592,Non-Unique,Thonotosassa,Hillsborough
33593,PO Box,Trilby,Pasco
33594,Non-Unique,Valrico,Hillsborough
33595,PO Box,Valrico,Hillsborough
33596,Non-Unique,Valrico,Hillsborough
33597,Non-Unique,Webster,Sumter
33598,Non-Unique,Wimauma,Hillsborough
33601,PO Box,Tampa,Hillsborough
33602,Non-Unique,Tampa,Hillsborough
33603,Non-Unique,Tampa,Hillsborough
33604,Non-Unique,Tampa,Hillsborough
33605,Non-Unique,Tampa,Hillsborough
33606,Non-Unique,Tampa,Hillsborough
33607,Non-Unique,Tampa,Hillsborough
33608,PO Box,Tampa,Hillsborough
33609,Non-Unique,Tampa,Hillsborough
33610,Non-Unique,Tampa,Hillsborough
33611,Non-Unique,Tampa,Hillsborough
33612,Non-Unique,Tampa,Hillsborough
33613,Non-Unique,Tampa,Hillsborough
33614,Non-Unique,Tampa,Hillsborough
33615,Non-Unique,Tampa,Hillsborough
33616,Non-Unique,Tampa,Hillsborough
33617,Non-Unique,Tampa,Hillsborough
33618,Non-Unique,Tampa,Hillsborough
33619,Non-Unique,Tampa,Hillsborough
33620,Non-Unique,Tampa,Hillsborough
33621,Non-Unique,Tampa,Hillsborough
33622,PO Box,Tampa,Hillsborough
33623,PO Box,Tampa,Hillsborough
33624,Non-Unique,Tampa,Hillsborough
33625,Non-Unique,Tampa,Hillsborough
33626,Non-Unique,Tampa,Hillsborough
33629,Non-Unique,Tampa,Hillsborough
33630,PO Box,Tampa,Hillsborough
33631,PO Box,Tampa,Hillsborough
33633,Unique,Tampa,Hillsborough
33634,Non-Unique,Tampa,Hillsborough
33635,Non-Unique,Tampa,Hillsborough
33637,Non-Unique,Tampa,Hillsborough
33646,PO Box,Tampa,Hillsborough
33647,Non-Unique,Tampa,Hillsborough
33650,Unique,Tampa,Hillsborough
33655,Unique,Tampa,Hillsborough
33660,Unique,Tampa,Hillsborough
33661,Unique,Tampa,Hillsborough
33662,Unique,Tampa,Hillsborough
33663,Unique,Tampa,Hillsborough
33664,Unique,Tampa,Hillsborough
33672,PO Box,Tampa,Hillsborough
33673,PO Box,Tampa,Hillsborough
33674,PO Box,Tampa,Hillsborough
33675,PO Box,Tampa,Hillsborough
33677,PO Box,Tampa,Hillsborough
33679,PO Box,Tampa,Hillsborough
33680,PO Box,Tampa,Hillsborough
33681,PO Box,Tampa,Hillsborough
33682,PO Box,Tampa,Hillsborough
33684,PO Box,Tampa,Hillsborough
33685,PO Box,Tampa,Hillsborough
33686,PO Box,Tampa,Hillsborough
33687,PO Box,Tampa,Hillsborough
33688,PO Box,Tampa,Hillsborough
33689,PO Box,Tampa,Hillsborough
33694,PO Box,Tampa,Hillsborough
33701,Non-Unique,Saint Petersburg,Pinellas
33702,Non-Unique,Saint Petersburg,Pinellas
33703,Non-Unique,Saint Petersburg,Pinellas
33704,Non-Unique,Saint Petersburg,Pinellas
33705,Non-Unique,Saint Petersburg,Pinellas
33706,Non-Unique,Saint Petersburg,Pinellas
33707,Non-Unique,Saint Petersburg,Pinellas
33708,Non-Unique,Saint Petersburg,Pinellas
33709,Non-Unique,Saint Petersburg,Pinellas
33710,Non-Unique,Saint Petersburg,Pinellas
33711,Non-Unique,Saint Petersburg,Pinellas
33712,Non-Unique,Saint Petersburg,Pinellas
33713,Non-Unique,Saint Petersburg,Pinellas
33714,Non-Unique,Saint Petersburg,Pinellas
33715,Non-Unique,Saint Petersburg,Pinellas
33716,Non-Unique,Saint Petersburg,Pinellas
33729,Unique,Saint Petersburg,Pinellas
33731,PO Box,Saint Petersburg,Pinellas
33732,PO Box,Saint Petersburg,Pinellas
33733,PO Box,Saint Petersburg,Pinellas
33734,PO Box,Saint Petersburg,Pinellas
33736,PO Box,Saint Petersburg,Pinellas
33737,PO Box,Saint Petersburg,Pinellas
33738,PO Box,Saint Petersburg,Pinellas
33740,PO Box,Saint Petersburg,Pinellas
33741,PO Box,Saint Petersburg,Pinellas
33742,PO Box,Saint Petersburg,Pinellas
33743,PO Box,Saint Petersburg,Pinellas
33744,PO Box,Bay Pines,Pinellas
33747,PO Box,Saint Petersburg,Pinellas
33755,Non-Unique,Clearwater,Pinellas
33756,Non-Unique,Clearwater,Pinellas
33757,PO Box,Clearwater,Pinellas
33758,PO Box,Clearwater,Pinellas
33759,Non-Unique,Clearwater,Pinellas
33760,Non-Unique,Clearwater,Pinellas
33761,Non-Unique,Clearwater,Pinellas
33762,Non-Unique,Clearwater,Pinellas
33763,Non-Unique,Clearwater,Pinellas
33764,Non-Unique,Clearwater,Pinellas
33765,Non-Unique,Clearwater,Pinellas
33766,PO Box,Clearwater,Pinellas
33767,Non-Unique,Clearwater Beach,Pinellas
33769,Unique,Clearwater,Pinellas
33770,Non-Unique,Largo,Pinellas
33771,Non-Unique,Largo,Pinellas
33772,Non-Unique,Seminole,Pinellas
33773,Non-Unique,Largo,Pinellas
33774,Non-Unique,Largo,Pinellas
33775,PO Box,Seminole,Pinellas
33776,Non-Unique,Seminole,Pinellas
33777,Non-Unique,Seminole,Pinellas
33778,Non-Unique,Largo,Pinellas
33779,PO Box,Largo,Pinellas
33780,PO Box,Pinellas Park,Pinellas
33781,Non-Unique,Pinellas Park,Pinellas
33782,Non-Unique,Pinellas Park,Pinellas
33784,PO Box,Saint Petersburg,Pinellas
33785,Non-Unique,Indian Rocks Beach,Pinellas
33786,Non-Unique,Belleair Beach,Pinellas
33801,Non-Unique,Lakeland,Polk
33802,PO Box,Lakeland,Polk
33803,Non-Unique,Lakeland,Polk
33804,PO Box,Lakeland,Polk
33805,Non-Unique,Lakeland,Polk
33806,PO Box,Lakeland,Polk
33807,PO Box,Lakeland,Polk
33809,Non-Unique,Lakeland,Polk
33810,Non-Unique,Lakeland,Polk
33811,Non-Unique,Lakeland,Polk
33812,Non-Unique,Lakeland,Polk
33813,Non-Unique,Lakeland,Polk
33815,Non-Unique,Lakeland,Polk
33820,PO Box,Alturas,Polk
33823,Non-Unique,Auburndale,Polk
33825,Non-Unique,Avon Park,Highlands
33826,PO Box,Avon Park,Highlands
33827,Non-Unique,Babson Park,Polk
33830,Non-Unique,Bartow,Polk
33831,PO Box,Bartow,Polk
33834,Non-Unique,Bowling Green,Manatee
33835,PO Box,Bradley,Polk
33836,PO Box,Davenport,Polk
33837,Non-Unique,Davenport,Polk
33838,Non-Unique,Dundee,Polk
33839,Non-Unique,Eagle Lake,Polk
33840,PO Box,Eaton Park,Polk
33841,Non-Unique,Fort Meade,Polk
33843,Non-Unique,Frostproof,Polk
33844,Non-Unique,Haines City,Polk
33845,PO Box,Haines City,Polk
33846,PO Box,Highland City,Polk
33847,PO Box,Homeland,Polk
33848,PO Box,Intercession City,Osceola
33849,Non-Unique,Kathleen,Polk
33850,Non-Unique,Lake Alfred,Polk
33851,PO Box,Lake Hamilton,Polk
33852,Non-Unique,Lake Placid,Highlands
33853,Non-Unique,Lake Wales,Polk
33854,PO Box,Lakeshore,Polk
33855,PO Box,Indian Lake Estates,Polk
33856,PO Box,Nalcrest,Polk
33857,Non-Unique,Lorida,Highlands
33858,PO Box,Loughman,Polk
33859,Non-Unique,Lake Wales,Polk
33860,Non-Unique,Mulberry,Polk
33862,PO Box,Lake Placid,Highlands
33863,PO Box,Nichols,Polk
33865,Non-Unique,Ona,Hardee
33867,Non-Unique,River Ranch,Polk
33868,Non-Unique,Polk City,Polk
33870,Non-Unique,Sebring,Highlands
33871,PO Box,Sebring,Highlands
33872,Non-Unique,Sebring,Highlands
33873,Non-Unique,Wauchula,Hardee
33875,Non-Unique,Sebring,Highlands
33876,Non-Unique,Sebring,Highlands
33877,PO Box,Waverly,Polk
33880,Non-Unique,Winter Haven,Polk
33881,Non-Unique,Winter Haven,Polk
33882,PO Box,Winter Haven,Polk
33883,PO Box,Winter Haven,Polk
33884,Non-Unique,Winter Haven,Polk
33885,PO Box,Winter Haven,Polk
33888,Unique,Winter Haven,Polk
33890,Non-Unique,Zolfo Springs,Hardee
33896,Non-Unique,Davenport,Osceola
33897,Non-Unique,Davenport,Polk
33898,Non-Unique,Lake Wales,Polk
33901,Non-Unique,Fort Myers,Lee
33902,PO Box,Fort Myers,Lee
33903,Non-Unique,North Fort Myers,Lee
33904,Non-Unique,Cape Coral,Lee
33905,Non-Unique,Fort Myers,Lee
33906,PO Box,Fort Myers,Lee
33907,Non-Unique,Fort Myers,Lee
33908,Non-Unique,Fort Myers,Lee
33909,Non-Unique,Cape Coral,Lee
33910,PO Box,Cape Coral,Lee
33911,PO Box,Fort Myers,Lee
33912,Non-Unique,Fort Myers,Lee
33913,Non-Unique,Fort Myers,Lee
33914,Non-Unique,Cape Coral,Lee
33915,PO Box,Cape Coral,Lee
33916,Non-Unique,Fort Myers,Lee
33917,Non-Unique,North Fort Myers,Lee
33918,PO Box,North Fort Myers,Lee
33919,Non-Unique,Fort Myers,Lee
33920,Non-Unique,Alva,Lee
33921,Non-Unique,Boca Grande,Lee
33922,Non-Unique,Bokeelia,Lee
33924,Non-Unique,Captiva,Lee
33928,Non-Unique,Estero,Lee
33929,PO Box,Estero,Lee
33930,PO Box,Felda,Hendry
33931,Non-Unique,Fort Myers Beach,Lee
33932,PO Box,Fort Myers Beach,Lee
33935,Non-Unique,La Belle,Hendry
33936,Non-Unique,Lehigh Acres,Lee
33938,PO Box,Murdock,Charlotte
33944,PO Box,Palmdale,Glades
33945,PO Box,Pineland,Lee
33946,Non-Unique,Placida,Charlotte
33947,Non-Unique,Rotonda West,Charlotte
33948,Non-Unique,Port Charlotte,Charlotte
33949,PO Box,Port Charlotte,Charlotte
33950,Non-Unique,Punta Gorda,Charlotte
33951,PO Box,Punta Gorda,Charlotte
33952,Non-Unique,Port Charlotte,Charlotte
33953,Non-Unique,Port Charlotte,Charlotte
33954,Non-Unique,Port Charlotte,Charlotte
33955,Non-Unique,Punta Gorda,Charlotte
33956,Non-Unique,Saint James City,Lee
33957,Non-Unique,Sanibel,Lee
33960,Non-Unique,Venus,Highlands
33965,Unique,Fort Myers,Lee
33966,Non-Unique,Fort Myers,Lee
33967,Non-Unique,Fort Myers,Lee
33970,PO Box,Lehigh Acres,Lee
33971,Non-Unique,Lehigh Acres,Lee
33972,Non-Unique,Lehigh Acres,Lee
33973,Non-Unique,Lehigh Acres,Lee
33974,Non-Unique,Lehigh Acres,Lee
33975,PO Box,La Belle,Hendry
33976,Non-Unique,Lehigh Acres,Lee
33980,Non-Unique,Punta Gorda,Charlotte
33981,Non-Unique,Port Charlotte,Charlotte
33982,Non-Unique,Punta Gorda,Charlotte
33983,Non-Unique,Punta Gorda,Charlotte
33990,Non-Unique,Cape Coral,Lee
33991,Non-Unique,Cape Coral,Lee
33993,Non-Unique,Cape Coral,Lee
33994,PO Box,Fort Myers,Lee
34101,PO Box,Naples,Collier
34102,Non-Unique,Naples,Collier
34103,Non-Unique,Naples,Collier
34104,Non-Unique,Naples,Collier
34105,Non-Unique,Naples,Collier
34106,PO Box,Naples,Collier
34107,PO Box,Vanderbilt Beach,Collier
34108,Non-Unique,Naples,Collier
34109,Non-Unique,Naples,Collier
34110,Non-Unique,Naples,Collier
34112,Non-Unique,Naples,Collier
34113,Non-Unique,Naples,Collier
34114,Non-Unique,Naples,Collier
34116,Non-Unique,Naples,Collier
34117,Non-Unique,Naples,Collier
34119,Non-Unique,Naples,Collier
34120,Non-Unique,Naples,Collier
34133,PO Box,Bonita Springs,Lee
34134,Non-Unique,Bonita Springs,Lee
34135,Non-Unique,Bonita Springs,Lee
34136,PO Box,Bonita Springs,Lee
34137,PO Box,Copeland,Collier
34138,PO Box,Chokoloskee,Collier
34139,PO Box,Everglades City,Collier
34140,Non-Unique,Goodland,Collier
34141,Non-Unique,Ochopee,Collier
34142,Non-Unique,Immokalee,Collier
34143,PO Box,Immokalee,Collier
34145,Non-Unique,Marco Island,Collier
34146,PO Box,Marco Island,Collier
34201,Non-Unique,Bradenton,Manatee
34202,Non-Unique,Bradenton,Manatee
34203,Non-Unique,Bradenton,Manatee
34204,PO Box,Bradenton,Manatee
34205,Non-Unique,Bradenton,Manatee
34206,PO Box,Bradenton,Manatee
34207,Non-Unique,Bradenton,Manatee
34208,Non-Unique,Bradenton,Manatee
34209,Non-Unique,Bradenton,Manatee
34210,Non-Unique,Bradenton,Manatee
34211,Non-Unique,Bradenton,Manatee
34212,Non-Unique,Bradenton,Manatee
34215,Non-Unique,Cortez,Manatee
34216,PO Box,Anna Maria,Manatee
34217,Non-Unique,Bradenton Beach,Manatee
34218,PO Box,Holmes Beach,Manatee
34219,Non-Unique,Parrish,Manatee
34220,PO Box,Palmetto,Manatee
34221,Non-Unique,Palmetto,Manatee
34222,Non-Unique,Ellenton,Manatee
34223,Non-Unique,Englewood,Sarasota
34224,Non-Unique,Englewood,Sarasota
34228,Non-Unique,Longboat Key,Sarasota
34229,Non-Unique,Osprey,Sarasota
34230,PO Box,Sarasota,Sarasota
34231,Non-Unique,Sarasota,Sarasota
34232,Non-Unique,Sarasota,Sarasota
34233,Non-Unique,Sarasota,Sarasota
34234,Non-Unique,Sarasota,Sarasota
34235,Non-Unique,Sarasota,Sarasota
34236,Non-Unique,Sarasota,Sarasota
34237,Non-Unique,Sarasota,Sarasota
34238,Non-Unique,Sarasota,Sarasota
34239,Non-Unique,Sarasota,Sarasota
34240,Non-Unique,Sarasota,Sarasota
34241,Non-Unique,Sarasota,Sarasota
34242,Non-Unique,Sarasota,Sarasota
34243,Non-Unique,Sarasota,Manatee
34250,PO Box,Terra Ceia,Manatee
34251,Non-Unique,Myakka City,Manatee
34260,PO Box,Sarasota,Sarasota
34264,PO Box,Oneco,Manatee
34265,PO Box,Arcadia,DeSoto
34266,Non-Unique,Arcadia,DeSoto
34267,PO Box,Fort Ogden,DeSoto
34268,PO Box,Nocatee,DeSoto
34269,Non-Unique,Arcadia,DeSoto
34270,PO Box,Tallevast,Manatee
34272,PO Box,Laurel,Sarasota
34274,PO Box,Nokomis,Sarasota
34275,Non-Unique,Nokomis,Sarasota
34276,PO Box,Sarasota,Sarasota
34277,PO Box,Sarasota,Sarasota
34278,PO Box,Sarasota,Sarasota
34280,PO Box,Bradenton,Manatee
34281,PO Box,Bradenton,Manatee
34282,PO Box,Bradenton,Manatee
34284,PO Box,Venice,Sarasota
34285,Non-Unique,Venice,Sarasota
34286,Non-Unique,North Port,Sarasota
34287,Non-Unique,North Port,Sarasota
34288,Non-Unique,North Port,Sarasota
34289,Non-Unique,North Port,Sarasota
34290,PO Box,North Port,Sarasota
34291,Non-Unique,North Port,Sarasota
34292,Non-Unique,Venice,Sarasota
34293,Non-Unique,Venice,Sarasota
34295,PO Box,Englewood,Sarasota
34420,Non-Unique,Belleview,Marion
34421,PO Box,Belleview,Marion
34423,PO Box,Crystal River,Citrus
34428,Non-Unique,Crystal River,Citrus
34429,Non-Unique,Crystal River,Citrus
34430,PO Box,Dunnellon,Citrus
34431,Non-Unique,Dunnellon,Marion
34432,Non-Unique,Dunnellon,Marion
34433,Non-Unique,Dunnellon,Citrus
34434,Non-Unique,Dunnellon,Citrus
34436,Non-Unique,Floral City,Citrus
34441,,Hernando,Citrus
34442,Non-Unique,Hernando,Citrus
34445,PO Box,Holder,Citrus
34446,Non-Unique,Homosassa,Citrus
34447,PO Box,Homosassa Springs,Citrus
34448,Non-Unique,Homosassa,Citrus
34449,Non-Unique,Inglis,Levy
34450,Non-Unique,Inverness,Citrus
34451,PO Box,Inverness,Citrus
34452,Non-Unique,Inverness,Citrus
34453,Non-Unique,Inverness,Citrus
34460,PO Box,Lecanto,Citrus
34461,Non-Unique,Lecanto,Citrus
34464,PO Box,Beverly Hills,Citrus
34465,Non-Unique,Beverly Hills,Citrus
34470,Non-Unique,Ocala,Marion
34471,Non-Unique,Ocala,Marion
34472,Non-Unique,Ocala,Marion
34473,Non-Unique,Ocala,Marion
34474,Non-Unique,Ocala,Marion
34475,Non-Unique,Ocala,Marion
34476,Non-Unique,Ocala,Marion
34477,PO Box,Ocala,Marion
34478,PO Box,Ocala,Marion
34479,Non-Unique,Ocala,Marion
34480,Non-Unique,Ocala,Marion
34481,Non-Unique,Ocala,Marion
34482,Non-Unique,Ocala,Marion
34483,PO Box,Ocala,Marion
34484,Non-Unique,Oxford,Sumter
34487,PO Box,Homosassa,Citrus
34488,Non-Unique,Silver Springs,Marion
34489,PO Box,Silver Springs,Marion
34491,Non-Unique,Summerfield,Marion
34492,PO Box,Summerfield,Marion
34498,Non-Unique,Yankeetown,Levy
34601,Non-Unique,Brooksville,Hernando
34602,Non-Unique,Brooksville,Hernando
34603,PO Box,Brooksville,Hernando
34604,Non-Unique,Brooksville,Hernando
34605,PO Box,Brooksville,Hernando
34606,Non-Unique,Spring Hill,Hernando
34607,Non-Unique,Spring Hill,Hernando
34608,Non-Unique,Spring Hill,Hernando
34609,Non-Unique,Spring Hill,Hernando
34610,Non-Unique,Spring Hill,Pasco
34611,PO Box,Spring Hill,Hernando
34613,Non-Unique,Brooksville,Hernando
34614,Non-Unique,Brooksville,Hernando
34636,PO Box,Istachatta,Hernando
34637,Non-Unique,Land O' Lakes,Pasco
34638,Non-Unique,Land O' Lakes,Pasco
34639,Non-Unique,Land O' Lakes,Pasco
34652,Non-Unique,New Port Richey,Pasco
34653,Non-Unique,New Port Richey,Pasco
34654,Non-Unique,New Port Richey,Pasco
34655,Non-Unique,New Port Richey,Pasco
34656,PO Box,New Port Richey,Pasco
34660,PO Box,Ozona,Pinellas
34661,PO Box,Nobleton,Hernando
34667,Non-Unique,Hudson,Pasco
34668,Non-Unique,Port Richey,Pasco
34669,Non-Unique,Hudson,Pasco
34673,PO Box,Port Richey,Pasco
34674,PO Box,Hudson,Pasco
34677,Non-Unique,Oldsmar,Pinellas
34679,PO Box,Aripeka,Pasco
34680,PO Box,Elfers,Pasco
34681,PO Box,Crystal Beach,Pinellas
34682,PO Box,Palm Harbor,Pinellas
34683,Non-Unique,Palm Harbor,Pinellas
34684,Non-Unique,Palm Harbor,Pinellas
34685,Non-Unique,Palm Harbor,Pinellas
34688,Non-Unique,Tarpon Springs,Pinellas
34689,Non-Unique,Tarpon Springs,Pinellas
34690,Non-Unique,Holiday,Pasco
34691,Non-Unique,Holiday,Pasco
34692,PO Box,Holiday,Pinellas
34695,Non-Unique,Safety Harbor,Pinellas
34697,PO Box,Dunedin,Pinellas
34698,Non-Unique,Dunedin,Pinellas
34705,Non-Unique,Astatula,Lake
34711,Non-Unique,Clermont,Lake
34712,PO Box,Clermont,Lake
34713,PO Box,Clermont,Lake
34714,Non-Unique,Clermont,Lake
34715,Non-Unique,Clermont,Lake
34729,PO Box,Ferndale,Lake
34731,Non-Unique,Fruitland Park,Lake
34734,Non-Unique,Gotha,Orange
34736,Non-Unique,Groveland,Lake
34737,Non-Unique,Howey In The Hills,Lake
34739,Non-Unique,Kenansville,Osceola
34740,PO Box,Killarney,Orange
34741,Non-Unique,Kissimmee,Osceola
34742,PO Box,Kissimmee,Osceola
34743,Non-Unique,Kissimmee,Osceola
34744,Non-Unique,Kissimmee,Osceola
34745,PO Box,Kissimmee,Osceola
34746,Non-Unique,Kissimmee,Osceola
34747,Non-Unique,Kissimmee,Osceola
34748,Non-Unique,Leesburg,Lake
34749,PO Box,Leesburg,Lake
34753,Non-Unique,Mascotte,Lake
34755,PO Box,Minneola,Lake
34756,Non-Unique,Montverde,Lake
34758,Non-Unique,Kissimmee,Osceola
34759,Non-Unique,Kissimmee,Polk
34760,Non-Unique,Oakland,Orange
34761,Non-Unique,Ocoee,Orange
34762,Non-Unique,Okahumpka,Lake
34769,Non-Unique,Saint Cloud,Osceola
34770,PO Box,Saint Cloud,Osceola
34771,Non-Unique,Saint Cloud,Osceola
34772,Non-Unique,Saint Cloud,Osceola
34773,Non-Unique,Saint Cloud,Osceola
34777,PO Box,Winter Garden,Orange
34778,PO Box,Winter Garden,Orange
34785,Non-Unique,Wildwood,Sumter
34786,Non-Unique,Windermere,Orange
34787,Non-Unique,Winter Garden,Orange
34788,Non-Unique,Leesburg,Lake
34789,PO Box,Leesburg,Lake
34797,Non-Unique,Yalaha,Lake
34945,Non-Unique,Fort Pierce,Saint Lucie
34946,Non-Unique,Fort Pierce,Saint Lucie
34947,Non-Unique,Fort Pierce,Saint Lucie
34948,PO Box,Fort Pierce,Saint Lucie
34949,Non-Unique,Fort Pierce,Saint Lucie
34950,Non-Unique,Fort Pierce,Saint Lucie
34951,Non-Unique,Fort Pierce,Saint Lucie
34952,Non-Unique,Port Saint Lucie,Saint Lucie
34953,Non-Unique,Port Saint Lucie,Saint Lucie
34954,PO Box,Fort Pierce,Saint Lucie
34956,Non-Unique,Indiantown,Martin
34957,Non-Unique,Jensen Beach,Martin
34958,PO Box,Jensen Beach,Martin
34972,Non-Unique,Okeechobee,Okeechobee
34973,PO Box,Okeechobee,Okeechobee
34974,Non-Unique,Okeechobee,Glades
34979,PO Box,Fort Pierce,Saint Lucie
34981,Non-Unique,Fort Pierce,Saint Lucie
34982,Non-Unique,Fort Pierce,Saint Lucie
34983,Non-Unique,Port Saint Lucie,Saint Lucie
34984,Non-Unique,Port Saint Lucie,Saint Lucie
34985,PO Box,Port Saint Lucie,Saint Lucie
34986,Non-Unique,Port Saint Lucie,Saint Lucie
34987,Non-Unique,Port Saint Lucie,Saint Lucie
34990,Non-Unique,Palm City,Martin
34991,PO Box,Palm City,Martin
34992,PO Box,Port Salerno,Martin
34994,Non-Unique,Stuart,Martin
34995,PO Box,Stuart,Martin
34996,Non-Unique,Stuart,Martin
34997,Non-Unique,Stuart,Martin
